client_id,first_name,last_name,email,phone
1,Aaron,Thomas,aaron.thomas@yahoo.com,001-398-722-2960x3955
4,David,Arias,david.arias@hotmail.com,(993)876-0202x4382
15,David,Jones,david.jones@yahoo.com,8535127753
17,Steven,Allen,steven.allen@gmail.com,334-750-9174x97866
29,Christopher,Taylor,christopher.taylor@gmail.com,+1-338-281-9794x9239
38,Angel,Montoya,angel.montoya@yahoo.com,001-555-939-2673x814
41,Jennifer,Reese,jennifer.reese@hotmail.com,822.629.9800x790
